{"cameraMode":{"drawMode":0,"name":"Shaded","section":"Shading Mode"},"sceneLighting":true,"audioPlay":false,"sceneViewState":{"showFog":true,"showMaterialUpdate":false,"showSkybox":true,"showFlares":true,"showImageEffects":true,"showParticleSystems":true},"in2DMode":false,"pivot":{"x":0.16796016693115235,"y":-0.775909423828125,"z":1.8088555335998536},"rotation":{"x":-0.28378549218177798,"y":0.33752739429473879,"z":-0.10749603807926178,"w":-0.8910587430000305},"size":14.398571968078614,"orthographic":false}