{"cameraMode":{"drawMode":0,"name":"Shaded","section":"Shading Mode"},"sceneLighting":false,"audioPlay":false,"sceneViewState":{"showFog":true,"showMaterialUpdate":false,"showSkybox":true,"showFlares":true,"showImageEffects":true,"showParticleSystems":true},"in2DMode":false,"pivot":{"x":-0.009999997913837433,"y":4.552999973297119,"z":-1.1080255508422852},"rotation":{"x":-0.060278937220573428,"y":0.6234909892082214,"z":-0.048307280987501147,"w":-0.7780051231384277},"size":0.8083316087722778,"orthographic":false}