{"cameraMode":{"drawMode":0,"name":"Shaded","section":"Shading Mode"},"sceneLighting":false,"audioPlay":false,"sceneViewState":{"showFog":true,"showMaterialUpdate":false,"showSkybox":true,"showFlares":true,"showImageEffects":true,"showParticleSystems":true},"in2DMode":false,"pivot":{"x":-6.375949859619141,"y":7.021125793457031,"z":11.826745986938477},"rotation":{"x":-0.054816775023937228,"y":0.6558297872543335,"z":-0.04784492775797844,"w":-0.7513942718505859},"size":36.65422058105469,"orthographic":false}